{"cameraMode":{"drawMode":0,"name":"Shaded","section":"Shading Mode"},"sceneLighting":true,"audioPlay":false,"sceneViewState":{"showFog":true,"showMaterialUpdate":false,"showSkybox":true,"showFlares":true,"showImageEffects":true,"showParticleSystems":true},"in2DMode":false,"pivot":{"x":-59.550621032714847,"y":17.416282653808595,"z":-2.9269165992736818},"rotation":{"x":0.286940336227417,"y":-0.6456488370895386,"z":0.286249041557312,"w":0.6472111344337463},"size":39.960018157958987,"orthographic":false}