{"cameraMode":{"drawMode":0,"name":"Shaded","section":"Shading Mode"},"sceneLighting":false,"audioPlay":false,"sceneViewState":{"showFog":true,"showMaterialUpdate":false,"showSkybox":false,"showFlares":true,"showImageEffects":true,"showParticleSystems":true},"in2DMode":false,"pivot":{"x":-0.23159408569335938,"y":3.195018768310547,"z":-0.08332586288452149},"rotation":{"x":0.0649401843547821,"y":-0.9342889785766602,"z":0.22745782136917115,"w":0.2667444944381714},"size":3.782991886138916,"orthographic":false}